ID,Name,Age,City,Salary
1,John Smith,32,New York,65000
2,Emma Johnson,28,Los Angeles,72000
3,Michael Brown,45,Chicago,88000
4,Olivia Davis,39,Houston,79000
5,William Wilson,52,Phoenix,95000
6,Sophia Anderson,31,Philadelphia,68000
7,James Taylor,29,San Antonio,61000
8,Isabella Thomas,41,San Diego,82000
9,Robert Jackson,36,Dallas,75000
10,Ava White,47,San Jose,91000
11,Daniel Harris,33,Austin,69000
12,Mia Martin,26,Jacksonville,59000
13,David Thompson,50,San Francisco,97000
14,Charlotte Garcia,38,Indianapolis,76000
15,Joseph Martinez,43,Columbus,85000
16,Amelia Robinson,30,Fort Worth,67000
17,Christopher Clark,35,Charlotte,73000
18,Harper Rodriguez,27,Seattle,63000
19,Matthew Lewis,48,Denver,93000
20,Evelyn Lee,34,Washington,71000
21,Andrew Walker,40,Boston,80000
22,Abigail Hall,29,El Paso,64000
23,Ethan Allen,53,Detroit,99000
24,Emily Young,37,Nashville,77000
25,Alexander King,44,Memphis,87000
26,Elizabeth Wright,31,Portland,70000
27,Ryan Scott,28,Oklahoma City,62000
28,Sofia Green,42,Las Vegas,83000
29,Benjamin Baker,36,Louisville,74000
30,Chloe Adams,49,Baltimore,94000
31,Samuel Nelson,33,Milwaukee,68000
32,Victoria Hill,25,Albuquerque,57000
33,Nicholas Mitchell,51,Tucson,96000
34,Zoe Phillips,39,Fresno,78000
35,Christopher Carter,46,Sacramento,89000
36,Lily Turner,32,Long Beach,69000
37,David Parker,30,Kansas City,65000
38,Grace Collins,43,Mesa,84000
39,Logan Cooper,35,Atlanta,72000
40,Layla Richardson,27,Virginia Beach,60000
41,Nathan Cox,54,Omaha,98000
42,Audrey Gray,38,Colorado Springs,76000
43,Tyler Wood,45,Raleigh,86000
44,Scarlett Price,31,Miami,67000
45,Zachary Bennett,29,Oakland,63000
46,Hannah Ross,40,Minneapolis,81000
47,Kevin Morgan,37,Tulsa,75000
48,Aria Cook,50,Cleveland,95000
49,Luke Bell,34,Wichita,70000
50,Nora Bailey,26,Arlington,58000
51,Charles Murphy,52,New Orleans,97000
52,Luna Rivera,39,Bakersfield,79000
53,Dylan Rogers,44,Tampa,88000
54,Madison Reed,32,Honolulu,68000
55,Thomas Bailey,28,Aurora,61000
56,Penelope Cooper,41,Anaheim,82000
57,Caleb Richardson,36,Santa Ana,73000
58,Paisley Cox,48,St. Louis,92000
59,Jack Wood,33,Riverside,69000
60,Skylar Bennett,27,Corpus Christi,60000
61,Christian Gray,55,Lexington,99000
62,Bella Price,38,Pittsburgh,77000
63,Jonathan Ross,43,Anchorage,85000
64,Claire Morgan,30,Stockton,66000
65,Isaiah Cook,35,Cincinnati,72000
66,Savannah Bell,29,St. Paul,64000
67,Owen Murphy,49,Toledo,93000
68,Aubrey Rivera,34,Newark,71000
69,Colton Rogers,40,Greensboro,80000
70,Brooklyn Reed,31,Plano,67000
71,Julian Bailey,28,Henderson,62000
72,Lillian Cooper,42,Lincoln,83000
73,Gabriel Richardson,37,Buffalo,75000
74,Leah Cox,51,Fort Wayne,96000
75,Wyatt Wood,33,Jersey City,69000
76,Everly Bennett,26,Chula Vista,59000
77,Henry Gray,53,Orlando,98000
78,Addison Price,39,St. Petersburg,78000
79,Levi Ross,45,Norfolk,87000
80,Willow Morgan,32,Chandler,68000
81,Isaac Cook,30,Laredo,65000
82,Eleanor Bell,44,Madison,86000
83,Luca Murphy,36,Durham,74000
84,Hazel Rivera,28,Lubbock,63000
85,Josiah Rogers,50,Winston-Salem,94000
86,Violet Reed,35,Garland,71000
87,Hunter Bailey,41,Glendale,81000
88,Nova Cooper,33,Hialeah,70000
89,Sebastian Richardson,29,Reno,64000
90,Stella Cox,46,Baton Rouge,89000
91,Ezra Wood,37,Irvine,76000
92,Autumn Bennett,27,Chesapeake,61000
93,Asher Gray,54,Irving,97000
94,Emilia Price,38,Scottsdale,77000
95,Sawyer Ross,43,North Las Vegas,84000
96,Ivy Morgan,31,Fremont,67000
97,Leo Cook,30,Gilbert,66000
98,Isla Bell,42,San Bernardino,82000
99,Silas Murphy,35,Boise,72000
100,Ruby Rivera,47,Birmingham,90000